{"a": 0.9507092342766962, "b": -0.05191361933611703, "n_train": 5015, "fallback_to_global": 0}