{"a": 1.0093090759725925, "b": 0.011613668158941092, "base_rate": 0.42963220935583774}