{"a": 1.0236199647387245, "b": 0.091885007989373, "n_train": 7726, "fallback_to_global": 0}