{"a": 0.9931214406483452, "b": 0.00016560560423968488, "base_rate": 0.4277597906044931}