{"a": 0.8618708381532626, "b": 0.023527112516736438, "n_train": 3382, "fallback_to_global": 0}