year,train_n,eval_n,base_rate,brier_baseline,brier_raw,brier_cal,brier_improvement_vs_base,logloss_raw,logloss_cal,auc,platt_a,platt_b
2018,51211,13740,0.4347894007146902,0.24378265646414238,0.1302341119125898,0.13036473885138458,0.1134179176127578,0.40733632332239617,0.40764874451544897,0.89227804147651,0.9981025583754725,-0.035884059542089466
2019,64951,15049,0.43160228479931023,0.24336574075755152,0.12963907336212036,0.12960137212078465,0.11376436863676687,0.4053155416045761,0.40517692958102786,0.8929484057547832,1.0188635378773143,-0.001365544757304851
2020,80000,399,0.4289125,0.2655651181199092,0.0813463644853967,0.08164846824721601,0.18391664987269318,0.29031165930270275,0.2916127380738547,0.9573079886976624,0.9898904878581083,0.0035009891668082507
2021,80399,635,0.42963220935583774,0.26326278233543543,0.10678689873879244,0.10674004846708862,0.1565227338683468,0.36012937006575174,0.35983146910698954,0.9159406438631791,1.0093090759725925,0.011613668158941092
2022,81034,682,0.4306463953402276,0.2539963904598345,0.09380203026124752,0.09378188588972781,0.16021450457010672,0.3287838637308428,0.3287452320137319,0.9334021416591408,0.9986020601461232,-0.008541285085177678
2023,81716,670,0.43117626902932105,0.24939516264550757,0.10658040495548134,0.10655144571853413,0.14284371692697345,0.3593021508388347,0.35919552188946974,0.9172202350536536,1.003805434460849,0.0042283756163606565
2024,82386,610,0.43142038695894935,0.2502061395188897,0.13175270535491548,0.1317543210440739,0.11845181847481581,0.42043438925747717,0.4204232460039239,0.8871255060728744,0.979107014132207,0.002930998112898659
2025,82996,505,0.43168345462431923,0.25507299123568533,0.13411711667195608,0.1339237784800243,0.12114921275566104,0.4333692119924079,0.43296935657443425,0.880211437713712,1.0060695342517585,0.021255802093491497
