year,train_n,eval_n,base_rate,brier_baseline,brier_raw,brier_cal,brier_cal_tier,brier_improvement_vs_base,brier_improvement_tier_vs_global,logloss_raw,logloss_cal,auc,platt_a,platt_b,n_heavy,n_mid,n_light
2018,51308,13775,0.4336165900054572,0.24328904192414355,0.1303324171816024,0.1303266858681725,0.1302784280400463,0.11296235605597105,4.8257828126202496e-05,0.40749160656875777,0.40751427399723167,0.8916267310188752,0.9666354255441176,0.0076840995282703535,4698,2250,3314
2019,65083,15085,0.4299433031667256,0.2428657124060133,0.12856221952039476,0.12873694290635682,0.12882592957121025,0.11412876949965647,-8.898666485343543e-05,0.4023406958847392,0.4029347771377361,0.8942601463828127,0.9711655007995343,-0.01968406938237112,6118,2813,4086
2020,80168,445,0.4269533978644846,0.2660055344853612,0.07142798973430428,0.07147021729543934,0.0717992873785714,0.19453531718992184,-0.00032907008313205754,0.25925224877622466,0.25944190773695636,0.9486274509803921,0.9953615784677251,0.003938595470049079,7661,3434,4939
2021,80613,723,0.4277597906044931,0.2633119493210531,0.08931035669727358,0.08929603773951679,0.08958730931851394,0.17401591158153634,-0.0002912715789971515,0.315918810028655,0.3156804370982867,0.9297476790502317,0.9931214406483452,0.00016560560423968488,7726,3382,5015
2022,81336,759,0.4288998721353398,0.2549615521245783,0.08170296465791019,0.08165052598810273,0.08183870681480475,0.17331102613647553,-0.0001881808267020224,0.2920763062204705,0.29206254679435784,0.9415081238716845,1.0189544943228432,0.013970226076519278,7684,3416,5168
2023,82095,747,0.4295511297886595,0.24921019045877751,0.10256304470109473,0.10262217880406038,0.10275641947683152,0.14658801165471713,-0.00013424067277113816,0.35153856574109443,0.3517403525651883,0.9181833270790636,0.9998542370683831,0.00803553070916022,7913,3426,5080
2024,82842,686,0.42981820815528354,0.24919635804166032,0.130810730169698,0.13102799161090942,0.13125198120911163,0.1181683664307509,-0.00022398959820221775,0.4229855726750331,0.4242645335285122,0.8948402002310358,1.009934606471444,0.008500839217116845,7943,3490,5136
2025,83528,566,0.4300593812853175,0.2536559901689014,0.13278492421877633,0.13284899290060748,0.133244896788589,0.12080699726829391,-0.00039590388798152465,0.4268027090284274,0.42727389309277153,0.8840302757793765,1.0104290114558725,0.0005358520739194244,8038,3512,5156
