{"a": 0.9954272555172612, "b": -0.03840876277195887, "n_train": 4698, "fallback_to_global": 0}