{"a": 0.9666354255441176, "b": 0.0076840995282703535, "base_rate": 0.4336165900054572}