{"a": 0.8877471661476886, "b": -3.2553379517595706e-05, "n_train": 3314, "fallback_to_global": 0}