{"a": 1.0382617500982732, "b": 0.03185530771702457, "n_train": 2250, "fallback_to_global": 0}