{"a": 0.9981025583754725, "b": -0.035884059542089466, "base_rate": 0.4347894007146902}