{"a": 0.9567436942528018, "b": -0.03763140068096731, "n_train": 4939, "fallback_to_global": 0}