{"a": 0.9898904878581083, "b": 0.0035009891668082507, "base_rate": 0.4289125}