{"a": 0.8400027864278254, "b": 0.020452232755116977, "n_train": 3434, "fallback_to_global": 0}