{"a": 1.0274971282403051, "b": 0.09708652301875666, "n_train": 7661, "fallback_to_global": 0}