{"a": 0.9953615784677251, "b": 0.003938595470049079, "base_rate": 0.4269533978644846}