{"a": 0.9712814158221864, "b": -0.03722377627357803, "n_train": 5156, "fallback_to_global": 0}