{"a": 1.0104290114558725, "b": 0.0005358520739194244, "base_rate": 0.4300593812853175}