{"a": 0.9165069274282218, "b": 0.015338078081747728, "n_train": 3512, "fallback_to_global": 0}