{"a": 1.0060695342517585, "b": 0.021255802093491497, "base_rate": 0.43168345462431923}