{"a": 1.0367828278531266, "b": 0.07165924342244791, "n_train": 8038, "fallback_to_global": 0}