{"a": 1.0189544943228432, "b": 0.013970226076519278, "base_rate": 0.4288998721353398}