{"a": 1.0584083442706556, "b": 0.14791419158836228, "n_train": 7684, "fallback_to_global": 0}