{"a": 0.9762860041318419, "b": -0.03804763012183365, "n_train": 5168, "fallback_to_global": 0}