{"a": 0.8748168031041323, "b": 0.023289530383533905, "n_train": 3416, "fallback_to_global": 0}