{"a": 0.9986020601461232, "b": -0.008541285085177678, "base_rate": 0.4306463953402276}