{"a": 0.9541130849336026, "b": -0.0010022653812350368, "n_train": 4086, "fallback_to_global": 0}