{"a": 0.9781003877646065, "b": -0.039404715151962325, "n_train": 6118, "fallback_to_global": 0}