{"a": 0.9515070578686299, "b": -0.027601796227578978, "n_train": 2813, "fallback_to_global": 0}