{"a": 1.0188635378773143, "b": -0.001365544757304851, "base_rate": 0.43160228479931023}