{"a": 0.9711655007995343, "b": -0.01968406938237112, "base_rate": 0.4299433031667256}