{"a": 0.959648224323339, "b": -0.06171851613077208, "n_train": 5080, "fallback_to_global": 0}