{"a": 0.8410005263618151, "b": 0.049882767715638314, "n_train": 3426, "fallback_to_global": 0}