{"a": 0.9998542370683831, "b": 0.00803553070916022, "base_rate": 0.4295511297886595}