{"a": 1.003805434460849, "b": 0.0042283756163606565, "base_rate": 0.43117626902932105}