{"a": 1.0303765231050555, "b": 0.10819069966819778, "n_train": 7913, "fallback_to_global": 0}