{"a": 1.009934606471444, "b": 0.008500839217116845, "base_rate": 0.42981820815528354}