{"a": 0.9847986203655785, "b": -0.04080742628407011, "n_train": 5136, "fallback_to_global": 0}