{"a": 1.031442000484305, "b": 0.09706820131228518, "n_train": 7943, "fallback_to_global": 0}