{"a": 0.9191260640897827, "b": 0.026229991655397845, "n_train": 3490, "fallback_to_global": 0}