{"a": 0.979107014132207, "b": 0.002930998112898659, "base_rate": 0.43142038695894935}